{"UUID":"jz61OjBIcbwY7anP2Obqd9","layoutMainAxisSizing":null,"layoutCrossAxisSizing":null,"name":"tugas 1","isVisible":true,"boundaryRectangle":null,"style":null,"prototypeNodeUUID":null,"child":null,"constraints":null,"debug":false,"pngPath":"/usr/src/app/temp-out/pb-tmp-2073b0bb-86ad-46d2-b097-bd06cd2f90c0/flutter1/lib/assets/images","pages":[{"UUID":"0:1","layoutMainAxisSizing":null,"layoutCrossAxisSizing":null,"name":"Page 1","isVisible":true,"boundaryRectangle":null,"style":null,"prototypeNodeUUID":null,"child":null,"constraints":null,"convert":true,"screens":[],"pbdlType":"page"}],"miscPages":[],"sharedStyles":[],"globalStyles":{"UUID":"","layoutMainAxisSizing":null,"layoutCrossAxisSizing":null,"name":"","isVisible":false,"boundaryRectangle":null,"style":null,"prototypeNodeUUID":null,"child":null,"constraints":null,"pbdlType":"global_styles","designSystem":"material","colors":[{"UUID":"0:10","layoutMainAxisSizing":null,"layoutCrossAxisSizing":null,"name":"fill_icon","isVisible":false,"boundaryRectangle":null,"style":null,"prototypeNodeUUID":null,"child":null,"constraints":null,"description":"","pbdlType":"global_color","color":{"a":1.0,"r":0.13333334028720856,"g":0.13333334028720856,"b":0.13333334028720856}},{"UUID":"0:11","layoutMainAxisSizing":null,"layoutCrossAxisSizing":null,"name":"line_icon","isVisible":false,"boundaryRectangle":null,"style":null,"prototypeNodeUUID":null,"child":null,"constraints":null,"description":"","pbdlType":"global_color","color":{"a":1.0,"r":0.19973959028720856,"g":0.2129092514514923,"b":0.24583333730697632}},{"UUID":"0:12","layoutMainAxisSizing":null,"layoutCrossAxisSizing":null,"name":"Line_icon","isVisible":false,"boundaryRectangle":null,"style":null,"prototypeNodeUUID":null,"child":null,"constraints":null,"description":"","pbdlType":"global_color","color":{"a":1.0,"r":0.7987847328186035,"g":0.8253224492073059,"b":0.8916666507720947}},{"UUID":"0:13","layoutMainAxisSizing":null,"layoutCrossAxisSizing":null,"name":"White","isVisible":false,"boundaryRectangle":null,"style":null,"prototypeNodeUUID":null,"child":null,"constraints":null,"description":"","pbdlType":"global_color","color":{"a":1.0,"r":1.0,"g":1.0,"b":1.0}}],"textStyles":[],"themeColors":[],"themeTextStyles":[]},"pbdlType":"project","azure_container_uri":"https://pbnestcore.blob.core.windows.net/jz61ojbicbwy7anp2obqd9"}